START DATE,START TIME,START TIME ET,SUBJECT,LOCATION,DESCRIPTION,END DATE,END DATE ET,END TIME,END TIME ET,REMINDER OFF,REMINDER ON,REMINDER DATE,REMINDER TIME,REMINDER TIME ET,SHOWTIMEAS FREE,SHOWTIMEAS BUSY
03/26/26,01:20 PM,02:20 PM,Nationals at Cubs,Wrigley Field - Chicago,"Local TV: Marquee Sports Network ----- Local Radio: 104.3 The Score- TUDN- WPPN 106.7 / TUDN",03/26/26,03/26/26,04:20 PM,05:20 PM,FALSE,TRUE,03/26/26,12:20 PM,01:20 PM,FREE,BUSY
03/28/26,01:20 PM,02:20 PM,Nationals at Cubs,Wrigley Field - Chicago,"Local TV: Marquee Sports Network ----- Local Radio: 104.3 The Score- TUDN- WPPN 106.7 / TUDN",03/28/26,03/28/26,04:20 PM,05:20 PM,FALSE,TRUE,03/28/26,12:20 PM,01:20 PM,FREE,BUSY
03/29/26,01:20 PM,02:20 PM,Nationals at Cubs,Wrigley Field - Chicago,"Local TV: Marquee Sports Network ----- Local Radio: 104.3 The Score- TUDN- WPPN 106.7 / TUDN",03/29/26,03/29/26,04:20 PM,05:20 PM,FALSE,TRUE,03/29/26,12:20 PM,01:20 PM,FREE,BUSY
03/30/26,06:40 PM,07:40 PM,Angels at Cubs,Wrigley Field - Chicago,"Local TV: Marquee Sports Network ----- Local Radio: 104.3 The Score- TUDN- WPPN 106.7 / TUDN",03/30/26,03/30/26,09:40 PM,10:40 PM,FALSE,TRUE,03/30/26,05:40 PM,06:40 PM,FREE,BUSY
03/31/26,06:40 PM,07:40 PM,Angels at Cubs,Wrigley Field - Chicago,"Local TV: Marquee Sports Network ----- Local Radio: 104.3 The Score- TUDN- WPPN 106.7 / TUDN",03/31/26,03/31/26,09:40 PM,10:40 PM,FALSE,TRUE,03/31/26,05:40 PM,06:40 PM,FREE,BUSY
04/01/26,01:20 PM,02:20 PM,Angels at Cubs,Wrigley Field - Chicago,"Local TV: Marquee Sports Network ----- Local Radio: 104.3 The Score- TUDN- WPPN 106.7 / TUDN",04/01/26,04/01/26,04:20 PM,05:20 PM,FALSE,TRUE,04/01/26,12:20 PM,01:20 PM,FREE,BUSY
04/10/26,01:20 PM,02:20 PM,Pirates at Cubs,Wrigley Field - Chicago,"Local TV: Marquee Sports Network ----- Local Radio: 104.3 The Score- TUDN- WPPN 106.7 / TUDN",04/10/26,04/10/26,04:20 PM,05:20 PM,FALSE,TRUE,04/10/26,12:20 PM,01:20 PM,FREE,BUSY
04/11/26,01:20 PM,02:20 PM,Pirates at Cubs,Wrigley Field - Chicago,"Local TV: Marquee Sports Network ----- Local Radio: 104.3 The Score- TUDN- WPPN 106.7 / TUDN",04/11/26,04/11/26,04:20 PM,05:20 PM,FALSE,TRUE,04/11/26,12:20 PM,01:20 PM,FREE,BUSY
04/12/26,01:20 PM,02:20 PM,Pirates at Cubs,Wrigley Field - Chicago,"Local TV: Marquee Sports Network ----- Local Radio: 104.3 The Score- TUDN- WPPN 106.7 / TUDN",04/12/26,04/12/26,04:20 PM,05:20 PM,FALSE,TRUE,04/12/26,12:20 PM,01:20 PM,FREE,BUSY
04/17/26,01:20 PM,02:20 PM,Mets at Cubs,Wrigley Field - Chicago,"Local TV: Marquee Sports Network ----- Local Radio: 104.3 The Score- TUDN- WPPN 106.7 / TUDN",04/17/26,04/17/26,04:20 PM,05:20 PM,FALSE,TRUE,04/17/26,12:20 PM,01:20 PM,FREE,BUSY
04/18/26,01:20 PM,02:20 PM,Mets at Cubs,Wrigley Field - Chicago,"Local TV: Marquee Sports Network ----- Local Radio: 104.3 The Score- TUDN- WPPN 106.7 / TUDN",04/18/26,04/18/26,04:20 PM,05:20 PM,FALSE,TRUE,04/18/26,12:20 PM,01:20 PM,FREE,BUSY
04/19/26,01:20 PM,02:20 PM,Mets at Cubs,Wrigley Field - Chicago,"Local TV: Marquee Sports Network ----- Local Radio: 104.3 The Score- TUDN- WPPN 106.7 / TUDN",04/19/26,04/19/26,04:20 PM,05:20 PM,FALSE,TRUE,04/19/26,12:20 PM,01:20 PM,FREE,BUSY
04/20/26,06:40 PM,07:40 PM,Phillies at Cubs,Wrigley Field - Chicago,"Local TV: Marquee Sports Network ----- Local Radio: 104.3 The Score- TUDN- WPPN 106.7 / TUDN",04/20/26,04/20/26,09:40 PM,10:40 PM,FALSE,TRUE,04/20/26,05:40 PM,06:40 PM,FREE,BUSY
04/21/26,06:40 PM,07:40 PM,Phillies at Cubs,Wrigley Field - Chicago,"Local TV: Marquee Sports Network ----- Local Radio: 104.3 The Score- TUDN- WPPN 106.7 / TUDN",04/21/26,04/21/26,09:40 PM,10:40 PM,FALSE,TRUE,04/21/26,05:40 PM,06:40 PM,FREE,BUSY
04/22/26,06:40 PM,07:40 PM,Phillies at Cubs,Wrigley Field - Chicago,"Local TV: Marquee Sports Network ----- Local Radio: 104.3 The Score- TUDN- WPPN 106.7 / TUDN",04/22/26,04/22/26,09:40 PM,10:40 PM,FALSE,TRUE,04/22/26,05:40 PM,06:40 PM,FREE,BUSY
04/23/26,01:20 PM,02:20 PM,Phillies at Cubs,Wrigley Field - Chicago,"Local TV: Marquee Sports Network ----- Local Radio: 104.3 The Score- TUDN- WPPN 106.7 / TUDN",04/23/26,04/23/26,04:20 PM,05:20 PM,FALSE,TRUE,04/23/26,12:20 PM,01:20 PM,FREE,BUSY
05/01/26,01:20 PM,02:20 PM,D-backs at Cubs,Wrigley Field - Chicago,"Local TV: Marquee Sports Network ----- Local Radio: 104.3 The Score- TUDN- WPPN 106.7 / TUDN",05/01/26,05/01/26,04:20 PM,05:20 PM,FALSE,TRUE,05/01/26,12:20 PM,01:20 PM,FREE,BUSY
05/02/26,01:20 PM,02:20 PM,D-backs at Cubs,Wrigley Field - Chicago,"Local TV: Marquee Sports Network ----- Local Radio: 104.3 The Score- TUDN- WPPN 106.7 / TUDN",05/02/26,05/02/26,04:20 PM,05:20 PM,FALSE,TRUE,05/02/26,12:20 PM,01:20 PM,FREE,BUSY
05/03/26,01:20 PM,02:20 PM,D-backs at Cubs,Wrigley Field - Chicago,"Local TV: Marquee Sports Network ----- Local Radio: 104.3 The Score- TUDN- WPPN 106.7 / TUDN",05/03/26,05/03/26,04:20 PM,05:20 PM,FALSE,TRUE,05/03/26,12:20 PM,01:20 PM,FREE,BUSY
05/04/26,06:10 PM,07:10 PM,Reds at Cubs,Wrigley Field - Chicago,"Local TV: Marquee Sports Network ----- Local Radio: 104.3 The Score- TUDN- WPPN 106.7 / TUDN",05/04/26,05/04/26,09:10 PM,10:10 PM,FALSE,TRUE,05/04/26,05:10 PM,06:10 PM,FREE,BUSY
05/05/26,06:40 PM,07:40 PM,Reds at Cubs,Wrigley Field - Chicago,"Local TV: Marquee Sports Network ----- Local Radio: 104.3 The Score- TUDN- WPPN 106.7 / TUDN",05/05/26,05/05/26,09:40 PM,10:40 PM,FALSE,TRUE,05/05/26,05:40 PM,06:40 PM,FREE,BUSY
05/06/26,06:40 PM,07:40 PM,Reds at Cubs,Wrigley Field - Chicago,"Local TV: Marquee Sports Network ----- Local Radio: 104.3 The Score- TUDN- WPPN 106.7 / TUDN",05/06/26,05/06/26,09:40 PM,10:40 PM,FALSE,TRUE,05/06/26,05:40 PM,06:40 PM,FREE,BUSY
05/07/26,01:20 PM,02:20 PM,Reds at Cubs,Wrigley Field - Chicago,"Local TV: Marquee Sports Network ----- Local Radio: 104.3 The Score- TUDN- WPPN 106.7 / TUDN",05/07/26,05/07/26,04:20 PM,05:20 PM,FALSE,TRUE,05/07/26,12:20 PM,01:20 PM,FREE,BUSY
05/18/26,06:40 PM,07:40 PM,Brewers at Cubs,Wrigley Field - Chicago,"Local TV: Marquee Sports Network ----- Local Radio: 104.3 The Score- TUDN- WPPN 106.7 / TUDN",05/18/26,05/18/26,09:40 PM,10:40 PM,FALSE,TRUE,05/18/26,05:40 PM,06:40 PM,FREE,BUSY
05/19/26,06:40 PM,07:40 PM,Brewers at Cubs,Wrigley Field - Chicago,"Local TV: Marquee Sports Network ----- Local Radio: 104.3 The Score- TUDN- WPPN 106.7 / TUDN",05/19/26,05/19/26,09:40 PM,10:40 PM,FALSE,TRUE,05/19/26,05:40 PM,06:40 PM,FREE,BUSY
05/20/26,06:40 PM,07:40 PM,Brewers at Cubs,Wrigley Field - Chicago,"Local TV: Marquee Sports Network ----- Local Radio: 104.3 The Score- TUDN- WPPN 106.7 / TUDN",05/20/26,05/20/26,09:40 PM,10:40 PM,FALSE,TRUE,05/20/26,05:40 PM,06:40 PM,FREE,BUSY
05/22/26,01:20 PM,02:20 PM,Astros at Cubs,Wrigley Field - Chicago,"Local TV: Apple TV ----- Local Radio: 104.3 The Score- TUDN- WPPN 106.7 / TUDN",05/22/26,05/22/26,04:20 PM,05:20 PM,FALSE,TRUE,05/22/26,12:20 PM,01:20 PM,FREE,BUSY
05/23/26,01:20 PM,02:20 PM,Astros at Cubs,Wrigley Field - Chicago,"Local TV: Marquee Sports Network ----- Local Radio: 104.3 The Score- TUDN- WPPN 106.7 / TUDN",05/23/26,05/23/26,04:20 PM,05:20 PM,FALSE,TRUE,05/23/26,12:20 PM,01:20 PM,FREE,BUSY
05/24/26,01:20 PM,02:20 PM,Astros at Cubs,Wrigley Field - Chicago,"Local TV: Marquee Sports Network ----- Local Radio: 104.3 The Score- TUDN- WPPN 106.7 / TUDN",05/24/26,05/24/26,04:20 PM,05:20 PM,FALSE,TRUE,05/24/26,12:20 PM,01:20 PM,FREE,BUSY
06/02/26,07:05 PM,08:05 PM,Athletics at Cubs,Wrigley Field - Chicago,"Local TV: Marquee Sports Network ----- Local Radio: 104.3 The Score- TUDN- WPPN 106.7 / TUDN",06/02/26,06/02/26,10:05 PM,11:05 PM,FALSE,TRUE,06/02/26,06:05 PM,07:05 PM,FREE,BUSY
06/03/26,07:05 PM,08:05 PM,Athletics at Cubs,Wrigley Field - Chicago,"Local TV: Marquee Sports Network ----- Local Radio: 104.3 The Score- TUDN- WPPN 106.7 / TUDN",06/03/26,06/03/26,10:05 PM,11:05 PM,FALSE,TRUE,06/03/26,06:05 PM,07:05 PM,FREE,BUSY
06/04/26,07:05 PM,08:05 PM,Athletics at Cubs,Wrigley Field - Chicago,"Local TV: Marquee Sports Network ----- Local Radio: 104.3 The Score- TUDN- WPPN 106.7 / TUDN",06/04/26,06/04/26,10:05 PM,11:05 PM,FALSE,TRUE,06/04/26,06:05 PM,07:05 PM,FREE,BUSY
06/05/26,01:20 PM,02:20 PM,Giants at Cubs,Wrigley Field - Chicago,"Local TV: Marquee Sports Network ----- Local Radio: 104.3 The Score- TUDN- WPPN 106.7 / TUDN",06/05/26,06/05/26,04:20 PM,05:20 PM,FALSE,TRUE,06/05/26,12:20 PM,01:20 PM,FREE,BUSY
06/06/26,01:20 PM,02:20 PM,Giants at Cubs,Wrigley Field - Chicago,"Local TV: Marquee Sports Network ----- Local Radio: 104.3 The Score- TUDN- WPPN 106.7 / TUDN",06/06/26,06/06/26,04:20 PM,05:20 PM,FALSE,TRUE,06/06/26,12:20 PM,01:20 PM,FREE,BUSY
06/07/26,07:30 PM,08:30 PM,Giants at Cubs,Wrigley Field - Chicago,"Local TV: NBC/Peacock ----- Local Radio: 104.3 The Score- TUDN- WPPN 106.7 / TUDN",06/07/26,06/07/26,10:30 PM,11:30 PM,FALSE,TRUE,06/07/26,06:30 PM,07:30 PM,FREE,BUSY
06/15/26,07:05 PM,08:05 PM,Rockies at Cubs,Wrigley Field - Chicago,"Local TV: Marquee Sports Network ----- Local Radio: 104.3 The Score- TUDN- WPPN 106.7 / TUDN",06/15/26,06/15/26,10:05 PM,11:05 PM,FALSE,TRUE,06/15/26,06:05 PM,07:05 PM,FREE,BUSY
06/16/26,07:05 PM,08:05 PM,Rockies at Cubs,Wrigley Field - Chicago,"Local TV: Marquee Sports Network ----- Local Radio: 104.3 The Score- TUDN- WPPN 106.7 / TUDN",06/16/26,06/16/26,10:05 PM,11:05 PM,FALSE,TRUE,06/16/26,06:05 PM,07:05 PM,FREE,BUSY
06/17/26,07:05 PM,08:05 PM,Rockies at Cubs,Wrigley Field - Chicago,"Local TV: Marquee Sports Network ----- Local Radio: 104.3 The Score- TUDN- WPPN 106.7 / TUDN",06/17/26,06/17/26,10:05 PM,11:05 PM,FALSE,TRUE,06/17/26,06:05 PM,07:05 PM,FREE,BUSY
06/19/26,01:20 PM,02:20 PM,Blue Jays at Cubs,Wrigley Field - Chicago,"Local TV: Marquee Sports Network ----- Local Radio: 104.3 The Score- TUDN- WPPN 106.7 / TUDN",06/19/26,06/19/26,04:20 PM,05:20 PM,FALSE,TRUE,06/19/26,12:20 PM,01:20 PM,FREE,BUSY
06/20/26,01:20 PM,02:20 PM,Blue Jays at Cubs,Wrigley Field - Chicago,"Local TV: Marquee Sports Network ----- Local Radio: 104.3 The Score- TUDN- WPPN 106.7 / TUDN",06/20/26,06/20/26,04:20 PM,05:20 PM,FALSE,TRUE,06/20/26,12:20 PM,01:20 PM,FREE,BUSY
06/29/26,07:05 PM,08:05 PM,Padres at Cubs,Wrigley Field - Chicago,"Local TV: Marquee Sports Network ----- Local Radio: 104.3 The Score- TUDN- WPPN 106.7 / TUDN",06/29/26,06/29/26,10:05 PM,11:05 PM,FALSE,TRUE,06/29/26,06:05 PM,07:05 PM,FREE,BUSY
06/30/26,07:05 PM,08:05 PM,Padres at Cubs,Wrigley Field - Chicago,"Local TV: Marquee Sports Network ----- Local Radio: 104.3 The Score- TUDN- WPPN 106.7 / TUDN",06/30/26,06/30/26,10:05 PM,11:05 PM,FALSE,TRUE,06/30/26,06:05 PM,07:05 PM,FREE,BUSY
07/01/26,01:20 PM,02:20 PM,Padres at Cubs,Wrigley Field - Chicago,"Local TV: Marquee Sports Network ----- Local Radio: 104.3 The Score- TUDN- WPPN 106.7 / TUDN",07/01/26,07/01/26,04:20 PM,05:20 PM,FALSE,TRUE,07/01/26,12:20 PM,01:20 PM,FREE,BUSY
07/03/26,03:05 PM,04:05 PM,Cardinals at Cubs,Wrigley Field - Chicago,"Local TV: Marquee Sports Network ----- Local Radio: 104.3 The Score- TUDN- WPPN 106.7 / TUDN",07/03/26,07/03/26,06:05 PM,07:05 PM,FALSE,TRUE,07/03/26,02:05 PM,03:05 PM,FREE,BUSY
07/04/26,07:08 PM,08:08 PM,Cardinals at Cubs,Wrigley Field - Chicago,"Local TV: FOX / FOX ONE ----- Local Radio: 104.3 The Score- TUDN- WPPN 106.7 / TUDN",07/04/26,07/04/26,10:08 PM,11:08 PM,FALSE,TRUE,07/04/26,06:08 PM,07:08 PM,FREE,BUSY
07/05/26,01:30 PM,02:30 PM,Cardinals at Cubs,Wrigley Field - Chicago,"Local TV: Peacock / NBCSN Extra ----- Local Radio: 104.3 The Score- TUDN- WPPN 106.7 / TUDN",07/05/26,07/05/26,04:30 PM,05:30 PM,FALSE,TRUE,07/05/26,12:30 PM,01:30 PM,FREE,BUSY
07/17/26,07:05 PM,08:05 PM,Twins at Cubs,Wrigley Field - Chicago,"Local TV: Marquee Sports Network ----- Local Radio: 104.3 The Score- TUDN- WPPN 106.7 / TUDN",07/17/26,07/17/26,10:05 PM,11:05 PM,FALSE,TRUE,07/17/26,06:05 PM,07:05 PM,FREE,BUSY
07/18/26,01:20 PM,02:20 PM,Twins at Cubs,Wrigley Field - Chicago,"Local TV: Marquee Sports Network ----- Local Radio: 104.3 The Score- TUDN- WPPN 106.7 / TUDN",07/18/26,07/18/26,04:20 PM,05:20 PM,FALSE,TRUE,07/18/26,12:20 PM,01:20 PM,FREE,BUSY
07/19/26,01:20 PM,02:20 PM,Twins at Cubs,Wrigley Field - Chicago,"Local TV: Marquee Sports Network ----- Local Radio: 104.3 The Score- TUDN- WPPN 106.7 / TUDN",07/19/26,07/19/26,04:20 PM,05:20 PM,FALSE,TRUE,07/19/26,12:20 PM,01:20 PM,FREE,BUSY
07/20/26,07:05 PM,08:05 PM,Tigers at Cubs,Wrigley Field - Chicago,"Local TV: Marquee Sports Network ----- Local Radio: 104.3 The Score- TUDN- WPPN 106.7 / TUDN",07/20/26,07/20/26,10:05 PM,11:05 PM,FALSE,TRUE,07/20/26,06:05 PM,07:05 PM,FREE,BUSY
07/21/26,07:05 PM,08:05 PM,Tigers at Cubs,Wrigley Field - Chicago,"Local TV: Marquee Sports Network ----- Local Radio: 104.3 The Score- TUDN- WPPN 106.7 / TUDN",07/21/26,07/21/26,10:05 PM,11:05 PM,FALSE,TRUE,07/21/26,06:05 PM,07:05 PM,FREE,BUSY
07/22/26,07:10 PM,08:10 PM,Tigers at Cubs,Wrigley Field - Chicago,"Local TV: ESPN/ESPN App ----- Local Radio: 104.3 The Score- TUDN- WPPN 106.7 / TUDN",07/22/26,07/22/26,10:10 PM,11:10 PM,FALSE,TRUE,07/22/26,06:10 PM,07:10 PM,FREE,BUSY
07/31/26,01:20 PM,02:20 PM,Yankees at Cubs,Wrigley Field - Chicago,"Local TV: Marquee Sports Network ----- Local Radio: 104.3 The Score- TUDN- WPPN 106.7 / TUDN",07/31/26,07/31/26,04:20 PM,05:20 PM,FALSE,TRUE,07/31/26,12:20 PM,01:20 PM,FREE,BUSY
08/01/26,06:15 PM,07:15 PM,Yankees at Cubs,Wrigley Field - Chicago,"Local TV: FOX / FOX ONE ----- Local Radio: 104.3 The Score- TUDN- WPPN 106.7 / TUDN",08/01/26,08/01/26,09:15 PM,10:15 PM,FALSE,TRUE,08/01/26,05:15 PM,06:15 PM,FREE,BUSY
08/02/26,01:20 PM,02:20 PM,Yankees at Cubs,Wrigley Field - Chicago,"Local TV: Marquee Sports Network ----- Local Radio: 104.3 The Score- TUDN- WPPN 106.7 / TUDN",08/02/26,08/02/26,04:20 PM,05:20 PM,FALSE,TRUE,08/02/26,12:20 PM,01:20 PM,FREE,BUSY
08/03/26,07:05 PM,08:05 PM,Dodgers at Cubs,Wrigley Field - Chicago,"Local TV: Marquee Sports Network ----- Local Radio: 104.3 The Score- TUDN- WPPN 106.7 / TUDN",08/03/26,08/03/26,10:05 PM,11:05 PM,FALSE,TRUE,08/03/26,06:05 PM,07:05 PM,FREE,BUSY
08/04/26,07:05 PM,08:05 PM,Dodgers at Cubs,Wrigley Field - Chicago,"Local TV: TBS- Marquee Sports Network ----- Local Radio: 104.3 The Score- TUDN- WPPN 106.7 / TUDN",08/04/26,08/04/26,10:05 PM,11:05 PM,FALSE,TRUE,08/04/26,06:05 PM,07:05 PM,FREE,BUSY
08/05/26,01:20 PM,02:20 PM,Dodgers at Cubs,Wrigley Field - Chicago,"Local TV: Marquee Sports Network- MLB Network ----- Local Radio: 104.3 The Score- TUDN- WPPN 106.7 / TUDN",08/05/26,08/05/26,04:20 PM,05:20 PM,FALSE,TRUE,08/05/26,12:20 PM,01:20 PM,FREE,BUSY
08/06/26,01:20 PM,02:20 PM,Blue Jays at Cubs,Wrigley Field - Chicago,"Local TV: Marquee Sports Network ----- Local Radio: 104.3 The Score- TUDN- WPPN 106.7 / TUDN",08/06/26,08/06/26,04:20 PM,05:20 PM,FALSE,TRUE,08/06/26,12:20 PM,01:20 PM,FREE,BUSY
08/14/26,01:20 PM,02:20 PM,Cardinals at Cubs,Wrigley Field - Chicago,"Local TV: Apple TV ----- Local Radio: 104.3 The Score- TUDN- WPPN 106.7 / TUDN",08/14/26,08/14/26,04:20 PM,05:20 PM,FALSE,TRUE,08/14/26,12:20 PM,01:20 PM,FREE,BUSY
08/15/26,01:20 PM,02:20 PM,Cardinals at Cubs,Wrigley Field - Chicago,"Local TV: Marquee Sports Network ----- Local Radio: 104.3 The Score- TUDN- WPPN 106.7 / TUDN",08/15/26,08/15/26,04:20 PM,05:20 PM,FALSE,TRUE,08/15/26,12:20 PM,01:20 PM,FREE,BUSY
08/16/26,02:15 PM,03:15 PM,Cardinals at Cubs,Wrigley Field - Chicago,"Local TV: ABC/ESPN App ----- Local Radio: 104.3 The Score- TUDN- WPPN 106.7 / TUDN",08/16/26,08/16/26,05:15 PM,06:15 PM,FALSE,TRUE,08/16/26,01:15 PM,02:15 PM,FREE,BUSY
08/17/26,07:05 PM,08:05 PM,White Sox at Cubs,Wrigley Field - Chicago,"Local TV: Marquee Sports Network ----- Local Radio: 104.3 The Score- TUDN- WPPN 106.7 / TUDN",08/17/26,08/17/26,10:05 PM,11:05 PM,FALSE,TRUE,08/17/26,06:05 PM,07:05 PM,FREE,BUSY
08/18/26,07:05 PM,08:05 PM,White Sox at Cubs,Wrigley Field - Chicago,"Local TV: TBS- Marquee Sports Network ----- Local Radio: 104.3 The Score- TUDN- WPPN 106.7 / TUDN",08/18/26,08/18/26,10:05 PM,11:05 PM,FALSE,TRUE,08/18/26,06:05 PM,07:05 PM,FREE,BUSY
08/19/26,01:20 PM,02:20 PM,White Sox at Cubs,Wrigley Field - Chicago,"Local TV: Marquee Sports Network ----- Local Radio: 104.3 The Score- TUDN- WPPN 106.7 / TUDN",08/19/26,08/19/26,04:20 PM,05:20 PM,FALSE,TRUE,08/19/26,12:20 PM,01:20 PM,FREE,BUSY
08/28/26,01:20 PM,02:20 PM,Reds at Cubs,Wrigley Field - Chicago,"Local TV: Marquee Sports Network ----- Local Radio: 104.3 The Score- TUDN- WPPN 106.7 / TUDN",08/28/26,08/28/26,04:20 PM,05:20 PM,FALSE,TRUE,08/28/26,12:20 PM,01:20 PM,FREE,BUSY
08/29/26,01:20 PM,02:20 PM,Reds at Cubs,Wrigley Field - Chicago,"Local TV: Marquee Sports Network ----- Local Radio: 104.3 The Score- TUDN- WPPN 106.7 / TUDN",08/29/26,08/29/26,04:20 PM,05:20 PM,FALSE,TRUE,08/29/26,12:20 PM,01:20 PM,FREE,BUSY
08/30/26,06:20 PM,07:20 PM,Reds at Cubs,Wrigley Field - Chicago,"Local TV: NBC/Peacock ----- Local Radio: 104.3 The Score- TUDN- WPPN 106.7 / TUDN",08/30/26,08/30/26,09:20 PM,10:20 PM,FALSE,TRUE,08/30/26,05:20 PM,06:20 PM,FREE,BUSY
08/31/26,06:40 PM,07:40 PM,Brewers at Cubs,Wrigley Field - Chicago,"Local TV: Marquee Sports Network ----- Local Radio: 104.3 The Score- TUDN- WPPN 106.7 / TUDN",08/31/26,08/31/26,09:40 PM,10:40 PM,FALSE,TRUE,08/31/26,05:40 PM,06:40 PM,FREE,BUSY
09/01/26,06:40 PM,07:40 PM,Brewers at Cubs,Wrigley Field - Chicago,"Local TV: Marquee Sports Network- TBS ----- Local Radio: 104.3 The Score- TUDN- WPPN 106.7 / TUDN",09/01/26,09/01/26,09:40 PM,10:40 PM,FALSE,TRUE,09/01/26,05:40 PM,06:40 PM,FREE,BUSY
09/02/26,06:40 PM,07:40 PM,Brewers at Cubs,Wrigley Field - Chicago,"Local TV: Marquee Sports Network- MLB Network ----- Local Radio: 104.3 The Score- TUDN- WPPN 106.7 / TUDN",09/02/26,09/02/26,09:40 PM,10:40 PM,FALSE,TRUE,09/02/26,05:40 PM,06:40 PM,FREE,BUSY
09/03/26,06:15 PM,07:15 PM,Brewers at Cubs,Wrigley Field - Chicago,"Local TV: FOX / FOX ONE ----- Local Radio: 104.3 The Score- TUDN- WPPN 106.7 / TUDN",09/03/26,09/03/26,09:15 PM,10:15 PM,FALSE,TRUE,09/03/26,05:15 PM,06:15 PM,FREE,BUSY
09/11/26,01:20 PM,02:20 PM,Pirates at Cubs,Wrigley Field - Chicago,"Local TV: Marquee Sports Network ----- Local Radio: 104.3 The Score- TUDN- WPPN 106.7 / TUDN",09/11/26,09/11/26,04:20 PM,05:20 PM,FALSE,TRUE,09/11/26,12:20 PM,01:20 PM,FREE,BUSY
09/12/26,01:20 PM,02:20 PM,Pirates at Cubs,Wrigley Field - Chicago,"Local TV: Marquee Sports Network ----- Local Radio: 104.3 The Score- TUDN- WPPN 106.7 / TUDN",09/12/26,09/12/26,04:20 PM,05:20 PM,FALSE,TRUE,09/12/26,12:20 PM,01:20 PM,FREE,BUSY
09/13/26,01:20 PM,02:20 PM,Pirates at Cubs,Wrigley Field - Chicago,"Local TV: Marquee Sports Network ----- Local Radio: 104.3 The Score- TUDN- WPPN 106.7 / TUDN",09/13/26,09/13/26,04:20 PM,05:20 PM,FALSE,TRUE,09/13/26,12:20 PM,01:20 PM,FREE,BUSY
09/14/26,06:40 PM,07:40 PM,Braves at Cubs,Wrigley Field - Chicago,"Local TV: Marquee Sports Network- MLB Network ----- Local Radio: 104.3 The Score- TUDN- WPPN 106.7 / TUDN",09/14/26,09/14/26,09:40 PM,10:40 PM,FALSE,TRUE,09/14/26,05:40 PM,06:40 PM,FREE,BUSY
09/15/26,06:40 PM,07:40 PM,Braves at Cubs,Wrigley Field - Chicago,"Local TV: Marquee Sports Network ----- Local Radio: 104.3 The Score- TUDN- WPPN 106.7 / TUDN",09/15/26,09/15/26,09:40 PM,10:40 PM,FALSE,TRUE,09/15/26,05:40 PM,06:40 PM,FREE,BUSY
09/16/26,06:40 PM,07:40 PM,Braves at Cubs,Wrigley Field - Chicago,"Local TV: Marquee Sports Network ----- Local Radio: 104.3 The Score- TUDN- WPPN 106.7 / TUDN",09/16/26,09/16/26,09:40 PM,10:40 PM,FALSE,TRUE,09/16/26,05:40 PM,06:40 PM,FREE,BUSY
09/22/26,06:40 PM,07:40 PM,Marlins at Cubs,Wrigley Field - Chicago,"Local TV: Marquee Sports Network ----- Local Radio: 104.3 The Score- TUDN- WPPN 106.7 / TUDN",09/22/26,09/22/26,09:40 PM,10:40 PM,FALSE,TRUE,09/22/26,05:40 PM,06:40 PM,FREE,BUSY
09/23/26,06:40 PM,07:40 PM,Marlins at Cubs,Wrigley Field - Chicago,"Local TV: Marquee Sports Network ----- Local Radio: 104.3 The Score- TUDN- WPPN 106.7 / TUDN",09/23/26,09/23/26,09:40 PM,10:40 PM,FALSE,TRUE,09/23/26,05:40 PM,06:40 PM,FREE,BUSY
09/24/26,01:20 PM,02:20 PM,Marlins at Cubs,Wrigley Field - Chicago,"Local TV: Marquee Sports Network ----- Local Radio: 104.3 The Score- TUDN- WPPN 106.7 / TUDN",09/24/26,09/24/26,04:20 PM,05:20 PM,FALSE,TRUE,09/24/26,12:20 PM,01:20 PM,FREE,BUSY